{"cameraMode":{"drawMode":0,"name":"Shaded","section":"Shading Mode"},"sceneLighting":true,"audioPlay":false,"sceneViewState":{"m_AlwaysRefresh":false,"showFog":true,"showSkybox":true,"showFlares":true,"showImageEffects":true,"showParticleSystems":true,"showVisualEffectGraphs":true,"m_FxEnabled":true},"in2DMode":false,"pivot":{"x":-36.38892364501953,"y":0.9993577003479004,"z":26.530799865722658},"rotation":{"x":0.05299575999379158,"y":-0.37842312455177309,"z":0.02174530364573002,"w":0.9239278435707092},"size":19.075057983398439,"orthographic":false}