{"cameraMode":{"drawMode":0,"name":"Shaded","section":"Shading Mode"},"sceneLighting":true,"audioPlay":false,"sceneViewState":{"m_AlwaysRefresh":false,"showFog":true,"showSkybox":true,"showFlares":true,"showImageEffects":true,"showParticleSystems":true,"showVisualEffectGraphs":true,"m_FxEnabled":true},"in2DMode":false,"pivot":{"x":-27.583168029785158,"y":6.552071571350098,"z":94.72843933105469},"rotation":{"x":-0.026608560234308244,"y":0.07639665901660919,"z":0.0020454111509025099,"w":0.996724009513855},"size":28.282251358032228,"orthographic":false}